Filename,Label
blur_Dat_1.jpg,0
blur_Dat_10.jpg,0
blur_Dat_11.jpg,0
blur_Dat_12.jpg,0
blur_Dat_13.jpg,0
blur_Dat_14.jpg,0
blur_Dat_15.jpg,0
blur_Dat_16.jpg,0
blur_Dat_17.jpg,0
blur_Dat_18.jpg,0
blur_Dat_19.jpg,0
blur_Dat_2.jpg,0
blur_Dat_20.jpg,0
blur_Dat_21.jpg,0
blur_Dat_22.jpg,0
blur_Dat_23.jpg,0
blur_Dat_24.jpg,0
blur_Dat_25.jpg,0
blur_Dat_26.jpg,0
blur_Dat_27.jpg,0
blur_Dat_28.jpg,0
blur_Dat_29.jpg,0
blur_Dat_3.jpg,0
blur_Dat_30.jpg,0
blur_Dat_31.jpg,0
blur_Dat_32.jpg,0
blur_Dat_33.jpg,0
blur_Dat_34.jpg,0
blur_Dat_35.jpg,0
blur_Dat_36.jpg,0
blur_Dat_37.jpg,0
blur_Dat_38.jpg,0
blur_Dat_39.jpg,0
blur_Dat_4.jpg,0
blur_Dat_40.jpg,0
blur_Dat_5.jpg,0
blur_Dat_6.jpg,0
blur_Dat_7.jpg,0
blur_Dat_8.jpg,0
blur_Dat_9.jpg,0
blur_Nam_1.jpg,1
blur_Nam_10.jpg,1
blur_Nam_11.jpg,1
blur_Nam_12.jpg,1
blur_Nam_13.jpg,1
blur_Nam_14.jpg,1
blur_Nam_15.jpg,1
blur_Nam_16.jpg,1
blur_Nam_17.jpg,1
blur_Nam_18.jpg,1
blur_Nam_19.jpg,1
blur_Nam_2.jpg,1
blur_Nam_20.jpg,1
blur_Nam_21.jpg,1
blur_Nam_22.jpg,1
blur_Nam_23.jpg,1
blur_Nam_24.jpg,1
blur_Nam_25.jpg,1
blur_Nam_26.jpg,1
blur_Nam_27.jpg,1
blur_Nam_28.jpg,1
blur_Nam_29.jpg,1
blur_Nam_3.jpg,1
blur_Nam_30.jpg,1
blur_Nam_31.jpg,1
blur_Nam_32.jpg,1
blur_Nam_33.jpg,1
blur_Nam_34.jpg,1
blur_Nam_35.jpg,1
blur_Nam_36.jpg,1
blur_Nam_37.jpg,1
blur_Nam_38.jpg,1
blur_Nam_39.jpg,1
blur_Nam_4.jpg,1
blur_Nam_40.jpg,1
blur_Nam_5.jpg,1
blur_Nam_6.jpg,1
blur_Nam_7.jpg,1
blur_Nam_8.jpg,1
blur_Nam_9.jpg,1
blur_NgocAnh_1.jpg,2
blur_NgocAnh_10.jpg,2
blur_NgocAnh_11.jpg,2
blur_NgocAnh_12.jpg,2
blur_NgocAnh_13.jpg,2
blur_NgocAnh_14.jpg,2
blur_NgocAnh_15.jpg,2
blur_NgocAnh_16.jpg,2
blur_NgocAnh_17.jpg,2
blur_NgocAnh_18.jpg,2
blur_NgocAnh_19.jpg,2
blur_NgocAnh_2.jpg,2
blur_NgocAnh_20.jpg,2
blur_NgocAnh_21.jpg,2
blur_NgocAnh_22.jpg,2
blur_NgocAnh_23.jpg,2
blur_NgocAnh_24.jpg,2
blur_NgocAnh_25.jpg,2
blur_NgocAnh_26.jpg,2
blur_NgocAnh_27.jpg,2
blur_NgocAnh_28.jpg,2
blur_NgocAnh_29.jpg,2
blur_NgocAnh_3.jpg,2
blur_NgocAnh_30.jpg,2
blur_NgocAnh_31.jpg,2
blur_NgocAnh_32.jpg,2
blur_NgocAnh_33.jpg,2
blur_NgocAnh_34.jpg,2
blur_NgocAnh_35.jpg,2
blur_NgocAnh_36.jpg,2
blur_NgocAnh_37.jpg,2
blur_NgocAnh_38.jpg,2
blur_NgocAnh_39.jpg,2
blur_NgocAnh_4.jpg,2
blur_NgocAnh_40.jpg,2
blur_NgocAnh_5.jpg,2
blur_NgocAnh_6.jpg,2
blur_NgocAnh_7.jpg,2
blur_NgocAnh_8.jpg,2
blur_NgocAnh_9.jpg,2
blur_TuNam_1.jpg,3
blur_TuNam_10.jpg,3
blur_TuNam_11.jpg,3
blur_TuNam_12.jpg,3
blur_TuNam_13.jpg,3
blur_TuNam_14.jpg,3
blur_TuNam_15.jpg,3
blur_TuNam_16.jpg,3
blur_TuNam_17.jpg,3
blur_TuNam_18.jpg,3
blur_TuNam_19.jpg,3
blur_TuNam_2.jpg,3
blur_TuNam_20.jpg,3
blur_TuNam_21.jpg,3
blur_TuNam_22.jpg,3
blur_TuNam_23.jpg,3
blur_TuNam_24.jpg,3
blur_TuNam_25.jpg,3
blur_TuNam_26.jpg,3
blur_TuNam_27.jpg,3
blur_TuNam_28.jpg,3
blur_TuNam_29.jpg,3
blur_TuNam_3.jpg,3
blur_TuNam_30.jpg,3
blur_TuNam_31.jpg,3
blur_TuNam_32.jpg,3
blur_TuNam_33.jpg,3
blur_TuNam_34.jpg,3
blur_TuNam_35.jpg,3
blur_TuNam_36.jpg,3
blur_TuNam_37.jpg,3
blur_TuNam_38.jpg,3
blur_TuNam_39.jpg,3
blur_TuNam_4.jpg,3
blur_TuNam_40.jpg,3
blur_TuNam_5.jpg,3
blur_TuNam_6.jpg,3
blur_TuNam_7.jpg,3
blur_TuNam_8.jpg,3
blur_TuNam_9.jpg,3
brightness_Dat_1.jpg,0
brightness_Dat_10.jpg,0
brightness_Dat_11.jpg,0
brightness_Dat_12.jpg,0
brightness_Dat_13.jpg,0
brightness_Dat_14.jpg,0
brightness_Dat_15.jpg,0
brightness_Dat_16.jpg,0
brightness_Dat_17.jpg,0
brightness_Dat_18.jpg,0
brightness_Dat_19.jpg,0
brightness_Dat_2.jpg,0
brightness_Dat_20.jpg,0
brightness_Dat_21.jpg,0
brightness_Dat_22.jpg,0
brightness_Dat_23.jpg,0
brightness_Dat_24.jpg,0
brightness_Dat_25.jpg,0
brightness_Dat_26.jpg,0
brightness_Dat_27.jpg,0
brightness_Dat_28.jpg,0
brightness_Dat_29.jpg,0
brightness_Dat_3.jpg,0
brightness_Dat_30.jpg,0
brightness_Dat_31.jpg,0
brightness_Dat_32.jpg,0
brightness_Dat_33.jpg,0
brightness_Dat_34.jpg,0
brightness_Dat_35.jpg,0
brightness_Dat_36.jpg,0
brightness_Dat_37.jpg,0
brightness_Dat_38.jpg,0
brightness_Dat_39.jpg,0
brightness_Dat_4.jpg,0
brightness_Dat_40.jpg,0
brightness_Dat_5.jpg,0
brightness_Dat_6.jpg,0
brightness_Dat_7.jpg,0
brightness_Dat_8.jpg,0
brightness_Dat_9.jpg,0
brightness_Nam_1.jpg,1
brightness_Nam_10.jpg,1
brightness_Nam_11.jpg,1
brightness_Nam_12.jpg,1
brightness_Nam_13.jpg,1
brightness_Nam_14.jpg,1
brightness_Nam_15.jpg,1
brightness_Nam_16.jpg,1
brightness_Nam_17.jpg,1
brightness_Nam_18.jpg,1
brightness_Nam_19.jpg,1
brightness_Nam_2.jpg,1
brightness_Nam_20.jpg,1
brightness_Nam_21.jpg,1
brightness_Nam_22.jpg,1
brightness_Nam_23.jpg,1
brightness_Nam_24.jpg,1
brightness_Nam_25.jpg,1
brightness_Nam_26.jpg,1
brightness_Nam_27.jpg,1
brightness_Nam_28.jpg,1
brightness_Nam_29.jpg,1
brightness_Nam_3.jpg,1
brightness_Nam_30.jpg,1
brightness_Nam_31.jpg,1
brightness_Nam_32.jpg,1
brightness_Nam_33.jpg,1
brightness_Nam_34.jpg,1
brightness_Nam_35.jpg,1
brightness_Nam_36.jpg,1
brightness_Nam_37.jpg,1
brightness_Nam_38.jpg,1
brightness_Nam_39.jpg,1
brightness_Nam_4.jpg,1
brightness_Nam_40.jpg,1
brightness_Nam_5.jpg,1
brightness_Nam_6.jpg,1
brightness_Nam_7.jpg,1
brightness_Nam_8.jpg,1
brightness_Nam_9.jpg,1
brightness_NgocAnh_1.jpg,2
brightness_NgocAnh_10.jpg,2
brightness_NgocAnh_11.jpg,2
brightness_NgocAnh_12.jpg,2
brightness_NgocAnh_13.jpg,2
brightness_NgocAnh_14.jpg,2
brightness_NgocAnh_15.jpg,2
brightness_NgocAnh_16.jpg,2
brightness_NgocAnh_17.jpg,2
brightness_NgocAnh_18.jpg,2
brightness_NgocAnh_19.jpg,2
brightness_NgocAnh_2.jpg,2
brightness_NgocAnh_20.jpg,2
brightness_NgocAnh_21.jpg,2
brightness_NgocAnh_22.jpg,2
brightness_NgocAnh_23.jpg,2
brightness_NgocAnh_24.jpg,2
brightness_NgocAnh_25.jpg,2
brightness_NgocAnh_26.jpg,2
brightness_NgocAnh_27.jpg,2
brightness_NgocAnh_28.jpg,2
brightness_NgocAnh_29.jpg,2
brightness_NgocAnh_3.jpg,2
brightness_NgocAnh_30.jpg,2
brightness_NgocAnh_31.jpg,2
brightness_NgocAnh_32.jpg,2
brightness_NgocAnh_33.jpg,2
brightness_NgocAnh_34.jpg,2
brightness_NgocAnh_35.jpg,2
brightness_NgocAnh_36.jpg,2
brightness_NgocAnh_37.jpg,2
brightness_NgocAnh_38.jpg,2
brightness_NgocAnh_39.jpg,2
brightness_NgocAnh_4.jpg,2
brightness_NgocAnh_40.jpg,2
brightness_NgocAnh_5.jpg,2
brightness_NgocAnh_6.jpg,2
brightness_NgocAnh_7.jpg,2
brightness_NgocAnh_8.jpg,2
brightness_NgocAnh_9.jpg,2
brightness_TuNam_1.jpg,3
brightness_TuNam_10.jpg,3
brightness_TuNam_11.jpg,3
brightness_TuNam_12.jpg,3
brightness_TuNam_13.jpg,3
brightness_TuNam_14.jpg,3
brightness_TuNam_15.jpg,3
brightness_TuNam_16.jpg,3
brightness_TuNam_17.jpg,3
brightness_TuNam_18.jpg,3
brightness_TuNam_19.jpg,3
brightness_TuNam_2.jpg,3
brightness_TuNam_20.jpg,3
brightness_TuNam_21.jpg,3
brightness_TuNam_22.jpg,3
brightness_TuNam_23.jpg,3
brightness_TuNam_24.jpg,3
brightness_TuNam_25.jpg,3
brightness_TuNam_26.jpg,3
brightness_TuNam_27.jpg,3
brightness_TuNam_28.jpg,3
brightness_TuNam_29.jpg,3
brightness_TuNam_3.jpg,3
brightness_TuNam_30.jpg,3
brightness_TuNam_31.jpg,3
brightness_TuNam_32.jpg,3
brightness_TuNam_33.jpg,3
brightness_TuNam_34.jpg,3
brightness_TuNam_35.jpg,3
brightness_TuNam_36.jpg,3
brightness_TuNam_37.jpg,3
brightness_TuNam_38.jpg,3
brightness_TuNam_39.jpg,3
brightness_TuNam_4.jpg,3
brightness_TuNam_40.jpg,3
brightness_TuNam_5.jpg,3
brightness_TuNam_6.jpg,3
brightness_TuNam_7.jpg,3
brightness_TuNam_8.jpg,3
brightness_TuNam_9.jpg,3
contrast_Dat_1.jpg,0
contrast_Dat_10.jpg,0
contrast_Dat_11.jpg,0
contrast_Dat_12.jpg,0
contrast_Dat_13.jpg,0
contrast_Dat_14.jpg,0
contrast_Dat_15.jpg,0
contrast_Dat_16.jpg,0
contrast_Dat_17.jpg,0
contrast_Dat_18.jpg,0
contrast_Dat_19.jpg,0
contrast_Dat_2.jpg,0
contrast_Dat_20.jpg,0
contrast_Dat_21.jpg,0
contrast_Dat_22.jpg,0
contrast_Dat_23.jpg,0
contrast_Dat_24.jpg,0
contrast_Dat_25.jpg,0
contrast_Dat_26.jpg,0
contrast_Dat_27.jpg,0
contrast_Dat_28.jpg,0
contrast_Dat_29.jpg,0
contrast_Dat_3.jpg,0
contrast_Dat_30.jpg,0
contrast_Dat_31.jpg,0
contrast_Dat_32.jpg,0
contrast_Dat_33.jpg,0
contrast_Dat_34.jpg,0
contrast_Dat_35.jpg,0
contrast_Dat_36.jpg,0
contrast_Dat_37.jpg,0
contrast_Dat_38.jpg,0
contrast_Dat_39.jpg,0
contrast_Dat_4.jpg,0
contrast_Dat_40.jpg,0
contrast_Dat_5.jpg,0
contrast_Dat_6.jpg,0
contrast_Dat_7.jpg,0
contrast_Dat_8.jpg,0
contrast_Dat_9.jpg,0
contrast_Nam_1.jpg,1
contrast_Nam_10.jpg,1
contrast_Nam_11.jpg,1
contrast_Nam_12.jpg,1
contrast_Nam_13.jpg,1
contrast_Nam_14.jpg,1
contrast_Nam_15.jpg,1
contrast_Nam_16.jpg,1
contrast_Nam_17.jpg,1
contrast_Nam_18.jpg,1
contrast_Nam_19.jpg,1
contrast_Nam_2.jpg,1
contrast_Nam_20.jpg,1
contrast_Nam_21.jpg,1
contrast_Nam_22.jpg,1
contrast_Nam_23.jpg,1
contrast_Nam_24.jpg,1
contrast_Nam_25.jpg,1
contrast_Nam_26.jpg,1
contrast_Nam_27.jpg,1
contrast_Nam_28.jpg,1
contrast_Nam_29.jpg,1
contrast_Nam_3.jpg,1
contrast_Nam_30.jpg,1
contrast_Nam_31.jpg,1
contrast_Nam_32.jpg,1
contrast_Nam_33.jpg,1
contrast_Nam_34.jpg,1
contrast_Nam_35.jpg,1
contrast_Nam_36.jpg,1
contrast_Nam_37.jpg,1
contrast_Nam_38.jpg,1
contrast_Nam_39.jpg,1
contrast_Nam_4.jpg,1
contrast_Nam_40.jpg,1
contrast_Nam_5.jpg,1
contrast_Nam_6.jpg,1
contrast_Nam_7.jpg,1
contrast_Nam_8.jpg,1
contrast_Nam_9.jpg,1
contrast_NgocAnh_1.jpg,2
contrast_NgocAnh_10.jpg,2
contrast_NgocAnh_11.jpg,2
contrast_NgocAnh_12.jpg,2
contrast_NgocAnh_13.jpg,2
contrast_NgocAnh_14.jpg,2
contrast_NgocAnh_15.jpg,2
contrast_NgocAnh_16.jpg,2
contrast_NgocAnh_17.jpg,2
contrast_NgocAnh_18.jpg,2
contrast_NgocAnh_19.jpg,2
contrast_NgocAnh_2.jpg,2
contrast_NgocAnh_20.jpg,2
contrast_NgocAnh_21.jpg,2
contrast_NgocAnh_22.jpg,2
contrast_NgocAnh_23.jpg,2
contrast_NgocAnh_24.jpg,2
contrast_NgocAnh_25.jpg,2
contrast_NgocAnh_26.jpg,2
contrast_NgocAnh_27.jpg,2
contrast_NgocAnh_28.jpg,2
contrast_NgocAnh_29.jpg,2
contrast_NgocAnh_3.jpg,2
contrast_NgocAnh_30.jpg,2
contrast_NgocAnh_31.jpg,2
contrast_NgocAnh_32.jpg,2
contrast_NgocAnh_33.jpg,2
contrast_NgocAnh_34.jpg,2
contrast_NgocAnh_35.jpg,2
contrast_NgocAnh_36.jpg,2
contrast_NgocAnh_37.jpg,2
contrast_NgocAnh_38.jpg,2
contrast_NgocAnh_39.jpg,2
contrast_NgocAnh_4.jpg,2
contrast_NgocAnh_40.jpg,2
contrast_NgocAnh_5.jpg,2
contrast_NgocAnh_6.jpg,2
contrast_NgocAnh_7.jpg,2
contrast_NgocAnh_8.jpg,2
contrast_NgocAnh_9.jpg,2
contrast_TuNam_1.jpg,3
contrast_TuNam_10.jpg,3
contrast_TuNam_11.jpg,3
contrast_TuNam_12.jpg,3
contrast_TuNam_13.jpg,3
contrast_TuNam_14.jpg,3
contrast_TuNam_15.jpg,3
contrast_TuNam_16.jpg,3
contrast_TuNam_17.jpg,3
contrast_TuNam_18.jpg,3
contrast_TuNam_19.jpg,3
contrast_TuNam_2.jpg,3
contrast_TuNam_20.jpg,3
contrast_TuNam_21.jpg,3
contrast_TuNam_22.jpg,3
contrast_TuNam_23.jpg,3
contrast_TuNam_24.jpg,3
contrast_TuNam_25.jpg,3
contrast_TuNam_26.jpg,3
contrast_TuNam_27.jpg,3
contrast_TuNam_28.jpg,3
contrast_TuNam_29.jpg,3
contrast_TuNam_3.jpg,3
contrast_TuNam_30.jpg,3
contrast_TuNam_31.jpg,3
contrast_TuNam_32.jpg,3
contrast_TuNam_33.jpg,3
contrast_TuNam_34.jpg,3
contrast_TuNam_35.jpg,3
contrast_TuNam_36.jpg,3
contrast_TuNam_37.jpg,3
contrast_TuNam_38.jpg,3
contrast_TuNam_39.jpg,3
contrast_TuNam_4.jpg,3
contrast_TuNam_40.jpg,3
contrast_TuNam_5.jpg,3
contrast_TuNam_6.jpg,3
contrast_TuNam_7.jpg,3
contrast_TuNam_8.jpg,3
contrast_TuNam_9.jpg,3
cutmix_Dat_1.jpg,0
cutmix_Dat_10.jpg,0
cutmix_Dat_11.jpg,0
cutmix_Dat_12.jpg,0
cutmix_Dat_13.jpg,0
cutmix_Dat_14.jpg,0
cutmix_Dat_15.jpg,0
cutmix_Dat_16.jpg,0
cutmix_Dat_17.jpg,0
cutmix_Dat_18.jpg,0
cutmix_Dat_19.jpg,0
cutmix_Dat_2.jpg,0
cutmix_Dat_20.jpg,0
cutmix_Dat_21.jpg,0
cutmix_Dat_22.jpg,0
cutmix_Dat_23.jpg,0
cutmix_Dat_24.jpg,0
cutmix_Dat_25.jpg,0
cutmix_Dat_26.jpg,0
cutmix_Dat_27.jpg,0
cutmix_Dat_28.jpg,0
cutmix_Dat_29.jpg,0
cutmix_Dat_3.jpg,0
cutmix_Dat_30.jpg,0
cutmix_Dat_31.jpg,0
cutmix_Dat_32.jpg,0
cutmix_Dat_33.jpg,0
cutmix_Dat_34.jpg,0
cutmix_Dat_35.jpg,0
cutmix_Dat_36.jpg,0
cutmix_Dat_37.jpg,0
cutmix_Dat_38.jpg,0
cutmix_Dat_39.jpg,0
cutmix_Dat_4.jpg,0
cutmix_Dat_40.jpg,0
cutmix_Dat_5.jpg,0
cutmix_Dat_6.jpg,0
cutmix_Dat_7.jpg,0
cutmix_Dat_8.jpg,0
cutmix_Dat_9.jpg,0
cutmix_Nam_1.jpg,1
cutmix_Nam_10.jpg,1
cutmix_Nam_11.jpg,1
cutmix_Nam_12.jpg,1
cutmix_Nam_13.jpg,1
cutmix_Nam_14.jpg,1
cutmix_Nam_15.jpg,1
cutmix_Nam_16.jpg,1
cutmix_Nam_17.jpg,1
cutmix_Nam_18.jpg,1
cutmix_Nam_19.jpg,1
cutmix_Nam_2.jpg,1
cutmix_Nam_20.jpg,1
cutmix_Nam_21.jpg,1
cutmix_Nam_22.jpg,1
cutmix_Nam_23.jpg,1
cutmix_Nam_24.jpg,1
cutmix_Nam_25.jpg,1
cutmix_Nam_26.jpg,1
cutmix_Nam_27.jpg,1
cutmix_Nam_28.jpg,1
cutmix_Nam_29.jpg,1
cutmix_Nam_3.jpg,1
cutmix_Nam_30.jpg,1
cutmix_Nam_31.jpg,1
cutmix_Nam_32.jpg,1
cutmix_Nam_33.jpg,1
cutmix_Nam_34.jpg,1
cutmix_Nam_35.jpg,1
cutmix_Nam_36.jpg,1
cutmix_Nam_37.jpg,1
cutmix_Nam_38.jpg,1
cutmix_Nam_39.jpg,1
cutmix_Nam_4.jpg,1
cutmix_Nam_40.jpg,1
cutmix_Nam_5.jpg,1
cutmix_Nam_6.jpg,1
cutmix_Nam_7.jpg,1
cutmix_Nam_8.jpg,1
cutmix_Nam_9.jpg,1
cutmix_NgocAnh_1.jpg,2
cutmix_NgocAnh_10.jpg,2
cutmix_NgocAnh_11.jpg,2
cutmix_NgocAnh_12.jpg,2
cutmix_NgocAnh_13.jpg,2
cutmix_NgocAnh_14.jpg,2
cutmix_NgocAnh_15.jpg,2
cutmix_NgocAnh_16.jpg,2
cutmix_NgocAnh_17.jpg,2
cutmix_NgocAnh_18.jpg,2
cutmix_NgocAnh_19.jpg,2
cutmix_NgocAnh_2.jpg,2
cutmix_NgocAnh_20.jpg,2
cutmix_NgocAnh_21.jpg,2
cutmix_NgocAnh_22.jpg,2
cutmix_NgocAnh_23.jpg,2
cutmix_NgocAnh_24.jpg,2
cutmix_NgocAnh_25.jpg,2
cutmix_NgocAnh_26.jpg,2
cutmix_NgocAnh_27.jpg,2
cutmix_NgocAnh_28.jpg,2
cutmix_NgocAnh_29.jpg,2
cutmix_NgocAnh_3.jpg,2
cutmix_NgocAnh_30.jpg,2
cutmix_NgocAnh_31.jpg,2
cutmix_NgocAnh_32.jpg,2
cutmix_NgocAnh_33.jpg,2
cutmix_NgocAnh_34.jpg,2
cutmix_NgocAnh_35.jpg,2
cutmix_NgocAnh_36.jpg,2
cutmix_NgocAnh_37.jpg,2
cutmix_NgocAnh_38.jpg,2
cutmix_NgocAnh_39.jpg,2
cutmix_NgocAnh_4.jpg,2
cutmix_NgocAnh_40.jpg,2
cutmix_NgocAnh_5.jpg,2
cutmix_NgocAnh_6.jpg,2
cutmix_NgocAnh_7.jpg,2
cutmix_NgocAnh_8.jpg,2
cutmix_NgocAnh_9.jpg,2
cutmix_TuNam_1.jpg,3
cutmix_TuNam_10.jpg,3
cutmix_TuNam_11.jpg,3
cutmix_TuNam_12.jpg,3
cutmix_TuNam_13.jpg,3
cutmix_TuNam_14.jpg,3
cutmix_TuNam_15.jpg,3
cutmix_TuNam_16.jpg,3
cutmix_TuNam_17.jpg,3
cutmix_TuNam_18.jpg,3
cutmix_TuNam_19.jpg,3
cutmix_TuNam_2.jpg,3
cutmix_TuNam_20.jpg,3
cutmix_TuNam_21.jpg,3
cutmix_TuNam_22.jpg,3
cutmix_TuNam_23.jpg,3
cutmix_TuNam_24.jpg,3
cutmix_TuNam_25.jpg,3
cutmix_TuNam_26.jpg,3
cutmix_TuNam_27.jpg,3
cutmix_TuNam_28.jpg,3
cutmix_TuNam_29.jpg,3
cutmix_TuNam_3.jpg,3
cutmix_TuNam_30.jpg,3
cutmix_TuNam_31.jpg,3
cutmix_TuNam_32.jpg,3
cutmix_TuNam_33.jpg,3
cutmix_TuNam_34.jpg,3
cutmix_TuNam_35.jpg,3
cutmix_TuNam_36.jpg,3
cutmix_TuNam_37.jpg,3
cutmix_TuNam_38.jpg,3
cutmix_TuNam_39.jpg,3
cutmix_TuNam_4.jpg,3
cutmix_TuNam_40.jpg,3
cutmix_TuNam_5.jpg,3
cutmix_TuNam_6.jpg,3
cutmix_TuNam_7.jpg,3
cutmix_TuNam_8.jpg,3
cutmix_TuNam_9.jpg,3
flip_Dat_1.jpg,0
flip_Dat_10.jpg,0
flip_Dat_11.jpg,0
flip_Dat_12.jpg,0
flip_Dat_13.jpg,0
flip_Dat_14.jpg,0
flip_Dat_15.jpg,0
flip_Dat_16.jpg,0
flip_Dat_17.jpg,0
flip_Dat_18.jpg,0
flip_Dat_19.jpg,0
flip_Dat_2.jpg,0
flip_Dat_20.jpg,0
flip_Dat_21.jpg,0
flip_Dat_22.jpg,0
flip_Dat_23.jpg,0
flip_Dat_24.jpg,0
flip_Dat_25.jpg,0
flip_Dat_26.jpg,0
flip_Dat_27.jpg,0
flip_Dat_28.jpg,0
flip_Dat_29.jpg,0
flip_Dat_3.jpg,0
flip_Dat_30.jpg,0
flip_Dat_31.jpg,0
flip_Dat_32.jpg,0
flip_Dat_33.jpg,0
flip_Dat_34.jpg,0
flip_Dat_35.jpg,0
flip_Dat_36.jpg,0
flip_Dat_37.jpg,0
flip_Dat_38.jpg,0
flip_Dat_39.jpg,0
flip_Dat_4.jpg,0
flip_Dat_40.jpg,0
flip_Dat_5.jpg,0
flip_Dat_6.jpg,0
flip_Dat_7.jpg,0
flip_Dat_8.jpg,0
flip_Dat_9.jpg,0
flip_Nam_1.jpg,1
flip_Nam_10.jpg,1
flip_Nam_11.jpg,1
flip_Nam_12.jpg,1
flip_Nam_13.jpg,1
flip_Nam_14.jpg,1
flip_Nam_15.jpg,1
flip_Nam_16.jpg,1
flip_Nam_17.jpg,1
flip_Nam_18.jpg,1
flip_Nam_19.jpg,1
flip_Nam_2.jpg,1
flip_Nam_20.jpg,1
flip_Nam_21.jpg,1
flip_Nam_22.jpg,1
flip_Nam_23.jpg,1
flip_Nam_24.jpg,1
flip_Nam_25.jpg,1
flip_Nam_26.jpg,1
flip_Nam_27.jpg,1
flip_Nam_28.jpg,1
flip_Nam_29.jpg,1
flip_Nam_3.jpg,1
flip_Nam_30.jpg,1
flip_Nam_31.jpg,1
flip_Nam_32.jpg,1
flip_Nam_33.jpg,1
flip_Nam_34.jpg,1
flip_Nam_35.jpg,1
flip_Nam_36.jpg,1
flip_Nam_37.jpg,1
flip_Nam_38.jpg,1
flip_Nam_39.jpg,1
flip_Nam_4.jpg,1
flip_Nam_40.jpg,1
flip_Nam_5.jpg,1
flip_Nam_6.jpg,1
flip_Nam_7.jpg,1
flip_Nam_8.jpg,1
flip_Nam_9.jpg,1
flip_NgocAnh_1.jpg,2
flip_NgocAnh_10.jpg,2
flip_NgocAnh_11.jpg,2
flip_NgocAnh_12.jpg,2
flip_NgocAnh_13.jpg,2
flip_NgocAnh_14.jpg,2
flip_NgocAnh_15.jpg,2
flip_NgocAnh_16.jpg,2
flip_NgocAnh_17.jpg,2
flip_NgocAnh_18.jpg,2
flip_NgocAnh_19.jpg,2
flip_NgocAnh_2.jpg,2
flip_NgocAnh_20.jpg,2
flip_NgocAnh_21.jpg,2
flip_NgocAnh_22.jpg,2
flip_NgocAnh_23.jpg,2
flip_NgocAnh_24.jpg,2
flip_NgocAnh_25.jpg,2
flip_NgocAnh_26.jpg,2
flip_NgocAnh_27.jpg,2
flip_NgocAnh_28.jpg,2
flip_NgocAnh_29.jpg,2
flip_NgocAnh_3.jpg,2
flip_NgocAnh_30.jpg,2
flip_NgocAnh_31.jpg,2
flip_NgocAnh_32.jpg,2
flip_NgocAnh_33.jpg,2
flip_NgocAnh_34.jpg,2
flip_NgocAnh_35.jpg,2
flip_NgocAnh_36.jpg,2
flip_NgocAnh_37.jpg,2
flip_NgocAnh_38.jpg,2
flip_NgocAnh_39.jpg,2
flip_NgocAnh_4.jpg,2
flip_NgocAnh_40.jpg,2
flip_NgocAnh_5.jpg,2
flip_NgocAnh_6.jpg,2
flip_NgocAnh_7.jpg,2
flip_NgocAnh_8.jpg,2
flip_NgocAnh_9.jpg,2
flip_TuNam_1.jpg,3
flip_TuNam_10.jpg,3
flip_TuNam_11.jpg,3
flip_TuNam_12.jpg,3
flip_TuNam_13.jpg,3
flip_TuNam_14.jpg,3
flip_TuNam_15.jpg,3
flip_TuNam_16.jpg,3
flip_TuNam_17.jpg,3
flip_TuNam_18.jpg,3
flip_TuNam_19.jpg,3
flip_TuNam_2.jpg,3
flip_TuNam_20.jpg,3
flip_TuNam_21.jpg,3
flip_TuNam_22.jpg,3
flip_TuNam_23.jpg,3
flip_TuNam_24.jpg,3
flip_TuNam_25.jpg,3
flip_TuNam_26.jpg,3
flip_TuNam_27.jpg,3
flip_TuNam_28.jpg,3
flip_TuNam_29.jpg,3
flip_TuNam_3.jpg,3
flip_TuNam_30.jpg,3
flip_TuNam_31.jpg,3
flip_TuNam_32.jpg,3
flip_TuNam_33.jpg,3
flip_TuNam_34.jpg,3
flip_TuNam_35.jpg,3
flip_TuNam_36.jpg,3
flip_TuNam_37.jpg,3
flip_TuNam_38.jpg,3
flip_TuNam_39.jpg,3
flip_TuNam_4.jpg,3
flip_TuNam_40.jpg,3
flip_TuNam_5.jpg,3
flip_TuNam_6.jpg,3
flip_TuNam_7.jpg,3
flip_TuNam_8.jpg,3
flip_TuNam_9.jpg,3
mixup_Dat_1.jpg,0
mixup_Dat_10.jpg,0
mixup_Dat_11.jpg,0
mixup_Dat_12.jpg,0
mixup_Dat_13.jpg,0
mixup_Dat_14.jpg,0
mixup_Dat_15.jpg,0
mixup_Dat_16.jpg,0
mixup_Dat_17.jpg,0
mixup_Dat_18.jpg,0
mixup_Dat_19.jpg,0
mixup_Dat_2.jpg,0
mixup_Dat_20.jpg,0
mixup_Dat_21.jpg,0
mixup_Dat_22.jpg,0
mixup_Dat_23.jpg,0
mixup_Dat_24.jpg,0
mixup_Dat_25.jpg,0
mixup_Dat_26.jpg,0
mixup_Dat_27.jpg,0
mixup_Dat_28.jpg,0
mixup_Dat_29.jpg,0
mixup_Dat_3.jpg,0
mixup_Dat_30.jpg,0
mixup_Dat_31.jpg,0
mixup_Dat_32.jpg,0
mixup_Dat_33.jpg,0
mixup_Dat_34.jpg,0
mixup_Dat_35.jpg,0
mixup_Dat_36.jpg,0
mixup_Dat_37.jpg,0
mixup_Dat_38.jpg,0
mixup_Dat_39.jpg,0
mixup_Dat_4.jpg,0
mixup_Dat_40.jpg,0
mixup_Dat_5.jpg,0
mixup_Dat_6.jpg,0
mixup_Dat_7.jpg,0
mixup_Dat_8.jpg,0
mixup_Dat_9.jpg,0
mixup_Nam_1.jpg,1
mixup_Nam_10.jpg,1
mixup_Nam_11.jpg,1
mixup_Nam_12.jpg,1
mixup_Nam_13.jpg,1
mixup_Nam_14.jpg,1
mixup_Nam_15.jpg,1
mixup_Nam_16.jpg,1
mixup_Nam_17.jpg,1
mixup_Nam_18.jpg,1
mixup_Nam_19.jpg,1
mixup_Nam_2.jpg,1
mixup_Nam_20.jpg,1
mixup_Nam_21.jpg,1
mixup_Nam_22.jpg,1
mixup_Nam_23.jpg,1
mixup_Nam_24.jpg,1
mixup_Nam_25.jpg,1
mixup_Nam_26.jpg,1
mixup_Nam_27.jpg,1
mixup_Nam_28.jpg,1
mixup_Nam_29.jpg,1
mixup_Nam_3.jpg,1
mixup_Nam_30.jpg,1
mixup_Nam_31.jpg,1
mixup_Nam_32.jpg,1
mixup_Nam_33.jpg,1
mixup_Nam_34.jpg,1
mixup_Nam_35.jpg,1
mixup_Nam_36.jpg,1
mixup_Nam_37.jpg,1
mixup_Nam_38.jpg,1
mixup_Nam_39.jpg,1
mixup_Nam_4.jpg,1
mixup_Nam_40.jpg,1
mixup_Nam_5.jpg,1
mixup_Nam_6.jpg,1
mixup_Nam_7.jpg,1
mixup_Nam_8.jpg,1
mixup_Nam_9.jpg,1
mixup_NgocAnh_1.jpg,2
mixup_NgocAnh_10.jpg,2
mixup_NgocAnh_11.jpg,2
mixup_NgocAnh_12.jpg,2
mixup_NgocAnh_13.jpg,2
mixup_NgocAnh_14.jpg,2
mixup_NgocAnh_15.jpg,2
mixup_NgocAnh_16.jpg,2
mixup_NgocAnh_17.jpg,2
mixup_NgocAnh_18.jpg,2
mixup_NgocAnh_19.jpg,2
mixup_NgocAnh_2.jpg,2
mixup_NgocAnh_20.jpg,2
mixup_NgocAnh_21.jpg,2
mixup_NgocAnh_22.jpg,2
mixup_NgocAnh_23.jpg,2
mixup_NgocAnh_24.jpg,2
mixup_NgocAnh_25.jpg,2
mixup_NgocAnh_26.jpg,2
mixup_NgocAnh_27.jpg,2
mixup_NgocAnh_28.jpg,2
mixup_NgocAnh_29.jpg,2
mixup_NgocAnh_3.jpg,2
mixup_NgocAnh_30.jpg,2
mixup_NgocAnh_31.jpg,2
mixup_NgocAnh_32.jpg,2
mixup_NgocAnh_33.jpg,2
mixup_NgocAnh_34.jpg,2
mixup_NgocAnh_35.jpg,2
mixup_NgocAnh_36.jpg,2
mixup_NgocAnh_37.jpg,2
mixup_NgocAnh_38.jpg,2
mixup_NgocAnh_39.jpg,2
mixup_NgocAnh_4.jpg,2
mixup_NgocAnh_40.jpg,2
mixup_NgocAnh_5.jpg,2
mixup_NgocAnh_6.jpg,2
mixup_NgocAnh_7.jpg,2
mixup_NgocAnh_8.jpg,2
mixup_NgocAnh_9.jpg,2
mixup_TuNam_1.jpg,3
mixup_TuNam_10.jpg,3
mixup_TuNam_11.jpg,3
mixup_TuNam_12.jpg,3
mixup_TuNam_13.jpg,3
mixup_TuNam_14.jpg,3
mixup_TuNam_15.jpg,3
mixup_TuNam_16.jpg,3
mixup_TuNam_17.jpg,3
mixup_TuNam_18.jpg,3
mixup_TuNam_19.jpg,3
mixup_TuNam_2.jpg,3
mixup_TuNam_20.jpg,3
mixup_TuNam_21.jpg,3
mixup_TuNam_22.jpg,3
mixup_TuNam_23.jpg,3
mixup_TuNam_24.jpg,3
mixup_TuNam_25.jpg,3
mixup_TuNam_26.jpg,3
mixup_TuNam_27.jpg,3
mixup_TuNam_28.jpg,3
mixup_TuNam_29.jpg,3
mixup_TuNam_3.jpg,3
mixup_TuNam_30.jpg,3
mixup_TuNam_31.jpg,3
mixup_TuNam_32.jpg,3
mixup_TuNam_33.jpg,3
mixup_TuNam_34.jpg,3
mixup_TuNam_35.jpg,3
mixup_TuNam_36.jpg,3
mixup_TuNam_37.jpg,3
mixup_TuNam_38.jpg,3
mixup_TuNam_39.jpg,3
mixup_TuNam_4.jpg,3
mixup_TuNam_40.jpg,3
mixup_TuNam_5.jpg,3
mixup_TuNam_6.jpg,3
mixup_TuNam_7.jpg,3
mixup_TuNam_8.jpg,3
mixup_TuNam_9.jpg,3
noise_Dat_1.jpg,0
noise_Dat_10.jpg,0
noise_Dat_11.jpg,0
noise_Dat_12.jpg,0
noise_Dat_13.jpg,0
noise_Dat_14.jpg,0
noise_Dat_15.jpg,0
noise_Dat_16.jpg,0
noise_Dat_17.jpg,0
noise_Dat_18.jpg,0
noise_Dat_19.jpg,0
noise_Dat_2.jpg,0
noise_Dat_20.jpg,0
noise_Dat_21.jpg,0
noise_Dat_22.jpg,0
noise_Dat_23.jpg,0
noise_Dat_24.jpg,0
noise_Dat_25.jpg,0
noise_Dat_26.jpg,0
noise_Dat_27.jpg,0
noise_Dat_28.jpg,0
noise_Dat_29.jpg,0
noise_Dat_3.jpg,0
noise_Dat_30.jpg,0
noise_Dat_31.jpg,0
noise_Dat_32.jpg,0
noise_Dat_33.jpg,0
noise_Dat_34.jpg,0
noise_Dat_35.jpg,0
noise_Dat_36.jpg,0
noise_Dat_37.jpg,0
noise_Dat_38.jpg,0
noise_Dat_39.jpg,0
noise_Dat_4.jpg,0
noise_Dat_40.jpg,0
noise_Dat_5.jpg,0
noise_Dat_6.jpg,0
noise_Dat_7.jpg,0
noise_Dat_8.jpg,0
noise_Dat_9.jpg,0
noise_Nam_1.jpg,1
noise_Nam_10.jpg,1
noise_Nam_11.jpg,1
noise_Nam_12.jpg,1
noise_Nam_13.jpg,1
noise_Nam_14.jpg,1
noise_Nam_15.jpg,1
noise_Nam_16.jpg,1
noise_Nam_17.jpg,1
noise_Nam_18.jpg,1
noise_Nam_19.jpg,1
noise_Nam_2.jpg,1
noise_Nam_20.jpg,1
noise_Nam_21.jpg,1
noise_Nam_22.jpg,1
noise_Nam_23.jpg,1
noise_Nam_24.jpg,1
noise_Nam_25.jpg,1
noise_Nam_26.jpg,1
noise_Nam_27.jpg,1
noise_Nam_28.jpg,1
noise_Nam_29.jpg,1
noise_Nam_3.jpg,1
noise_Nam_30.jpg,1
noise_Nam_31.jpg,1
noise_Nam_32.jpg,1
noise_Nam_33.jpg,1
noise_Nam_34.jpg,1
noise_Nam_35.jpg,1
noise_Nam_36.jpg,1
noise_Nam_37.jpg,1
noise_Nam_38.jpg,1
noise_Nam_39.jpg,1
noise_Nam_4.jpg,1
noise_Nam_40.jpg,1
noise_Nam_5.jpg,1
noise_Nam_6.jpg,1
noise_Nam_7.jpg,1
noise_Nam_8.jpg,1
noise_Nam_9.jpg,1
noise_NgocAnh_1.jpg,2
noise_NgocAnh_10.jpg,2
noise_NgocAnh_11.jpg,2
noise_NgocAnh_12.jpg,2
noise_NgocAnh_13.jpg,2
noise_NgocAnh_14.jpg,2
noise_NgocAnh_15.jpg,2
noise_NgocAnh_16.jpg,2
noise_NgocAnh_17.jpg,2
noise_NgocAnh_18.jpg,2
noise_NgocAnh_19.jpg,2
noise_NgocAnh_2.jpg,2
noise_NgocAnh_20.jpg,2
noise_NgocAnh_21.jpg,2
noise_NgocAnh_22.jpg,2
noise_NgocAnh_23.jpg,2
noise_NgocAnh_24.jpg,2
noise_NgocAnh_25.jpg,2
noise_NgocAnh_26.jpg,2
noise_NgocAnh_27.jpg,2
noise_NgocAnh_28.jpg,2
noise_NgocAnh_29.jpg,2
noise_NgocAnh_3.jpg,2
noise_NgocAnh_30.jpg,2
noise_NgocAnh_31.jpg,2
noise_NgocAnh_32.jpg,2
noise_NgocAnh_33.jpg,2
noise_NgocAnh_34.jpg,2
noise_NgocAnh_35.jpg,2
noise_NgocAnh_36.jpg,2
noise_NgocAnh_37.jpg,2
noise_NgocAnh_38.jpg,2
noise_NgocAnh_39.jpg,2
noise_NgocAnh_4.jpg,2
noise_NgocAnh_40.jpg,2
noise_NgocAnh_5.jpg,2
noise_NgocAnh_6.jpg,2
noise_NgocAnh_7.jpg,2
noise_NgocAnh_8.jpg,2
noise_NgocAnh_9.jpg,2
noise_TuNam_1.jpg,3
noise_TuNam_10.jpg,3
noise_TuNam_11.jpg,3
noise_TuNam_12.jpg,3
noise_TuNam_13.jpg,3
noise_TuNam_14.jpg,3
noise_TuNam_15.jpg,3
noise_TuNam_16.jpg,3
noise_TuNam_17.jpg,3
noise_TuNam_18.jpg,3
noise_TuNam_19.jpg,3
noise_TuNam_2.jpg,3
noise_TuNam_20.jpg,3
noise_TuNam_21.jpg,3
noise_TuNam_22.jpg,3
noise_TuNam_23.jpg,3
noise_TuNam_24.jpg,3
noise_TuNam_25.jpg,3
noise_TuNam_26.jpg,3
noise_TuNam_27.jpg,3
noise_TuNam_28.jpg,3
noise_TuNam_29.jpg,3
noise_TuNam_3.jpg,3
noise_TuNam_30.jpg,3
noise_TuNam_31.jpg,3
noise_TuNam_32.jpg,3
noise_TuNam_33.jpg,3
noise_TuNam_34.jpg,3
noise_TuNam_35.jpg,3
noise_TuNam_36.jpg,3
noise_TuNam_37.jpg,3
noise_TuNam_38.jpg,3
noise_TuNam_39.jpg,3
noise_TuNam_4.jpg,3
noise_TuNam_40.jpg,3
noise_TuNam_5.jpg,3
noise_TuNam_6.jpg,3
noise_TuNam_7.jpg,3
noise_TuNam_8.jpg,3
noise_TuNam_9.jpg,3
original_Dat_1.jpg,0
original_Dat_10.jpg,0
original_Dat_11.jpg,0
original_Dat_12.jpg,0
original_Dat_13.jpg,0
original_Dat_14.jpg,0
original_Dat_15.jpg,0
original_Dat_16.jpg,0
original_Dat_17.jpg,0
original_Dat_18.jpg,0
original_Dat_19.jpg,0
original_Dat_2.jpg,0
original_Dat_20.jpg,0
original_Dat_21.jpg,0
original_Dat_22.jpg,0
original_Dat_23.jpg,0
original_Dat_24.jpg,0
original_Dat_25.jpg,0
original_Dat_26.jpg,0
original_Dat_27.jpg,0
original_Dat_28.jpg,0
original_Dat_29.jpg,0
original_Dat_3.jpg,0
original_Dat_30.jpg,0
original_Dat_31.jpg,0
original_Dat_32.jpg,0
original_Dat_33.jpg,0
original_Dat_34.jpg,0
original_Dat_35.jpg,0
original_Dat_36.jpg,0
original_Dat_37.jpg,0
original_Dat_38.jpg,0
original_Dat_39.jpg,0
original_Dat_4.jpg,0
original_Dat_40.jpg,0
original_Dat_5.jpg,0
original_Dat_6.jpg,0
original_Dat_7.jpg,0
original_Dat_8.jpg,0
original_Dat_9.jpg,0
original_Nam_1.jpg,1
original_Nam_10.jpg,1
original_Nam_11.jpg,1
original_Nam_12.jpg,1
original_Nam_13.jpg,1
original_Nam_14.jpg,1
original_Nam_15.jpg,1
original_Nam_16.jpg,1
original_Nam_17.jpg,1
original_Nam_18.jpg,1
original_Nam_19.jpg,1
original_Nam_2.jpg,1
original_Nam_20.jpg,1
original_Nam_21.jpg,1
original_Nam_22.jpg,1
original_Nam_23.jpg,1
original_Nam_24.jpg,1
original_Nam_25.jpg,1
original_Nam_26.jpg,1
original_Nam_27.jpg,1
original_Nam_28.jpg,1
original_Nam_29.jpg,1
original_Nam_3.jpg,1
original_Nam_30.jpg,1
original_Nam_31.jpg,1
original_Nam_32.jpg,1
original_Nam_33.jpg,1
original_Nam_34.jpg,1
original_Nam_35.jpg,1
original_Nam_36.jpg,1
original_Nam_37.jpg,1
original_Nam_38.jpg,1
original_Nam_39.jpg,1
original_Nam_4.jpg,1
original_Nam_40.jpg,1
original_Nam_5.jpg,1
original_Nam_6.jpg,1
original_Nam_7.jpg,1
original_Nam_8.jpg,1
original_Nam_9.jpg,1
original_NgocAnh_1.jpg,2
original_NgocAnh_10.jpg,2
original_NgocAnh_11.jpg,2
original_NgocAnh_12.jpg,2
original_NgocAnh_13.jpg,2
original_NgocAnh_14.jpg,2
original_NgocAnh_15.jpg,2
original_NgocAnh_16.jpg,2
original_NgocAnh_17.jpg,2
original_NgocAnh_18.jpg,2
original_NgocAnh_19.jpg,2
original_NgocAnh_2.jpg,2
original_NgocAnh_20.jpg,2
original_NgocAnh_21.jpg,2
original_NgocAnh_22.jpg,2
original_NgocAnh_23.jpg,2
original_NgocAnh_24.jpg,2
original_NgocAnh_25.jpg,2
original_NgocAnh_26.jpg,2
original_NgocAnh_27.jpg,2
original_NgocAnh_28.jpg,2
original_NgocAnh_29.jpg,2
original_NgocAnh_3.jpg,2
original_NgocAnh_30.jpg,2
original_NgocAnh_31.jpg,2
original_NgocAnh_32.jpg,2
original_NgocAnh_33.jpg,2
original_NgocAnh_34.jpg,2
original_NgocAnh_35.jpg,2
original_NgocAnh_36.jpg,2
original_NgocAnh_37.jpg,2
original_NgocAnh_38.jpg,2
original_NgocAnh_39.jpg,2
original_NgocAnh_4.jpg,2
original_NgocAnh_40.jpg,2
original_NgocAnh_5.jpg,2
original_NgocAnh_6.jpg,2
original_NgocAnh_7.jpg,2
original_NgocAnh_8.jpg,2
original_NgocAnh_9.jpg,2
original_TuNam_1.jpg,3
original_TuNam_10.jpg,3
original_TuNam_11.jpg,3
original_TuNam_12.jpg,3
original_TuNam_13.jpg,3
original_TuNam_14.jpg,3
original_TuNam_15.jpg,3
original_TuNam_16.jpg,3
original_TuNam_17.jpg,3
original_TuNam_18.jpg,3
original_TuNam_19.jpg,3
original_TuNam_2.jpg,3
original_TuNam_20.jpg,3
original_TuNam_21.jpg,3
original_TuNam_22.jpg,3
original_TuNam_23.jpg,3
original_TuNam_24.jpg,3
original_TuNam_25.jpg,3
original_TuNam_26.jpg,3
original_TuNam_27.jpg,3
original_TuNam_28.jpg,3
original_TuNam_29.jpg,3
original_TuNam_3.jpg,3
original_TuNam_30.jpg,3
original_TuNam_31.jpg,3
original_TuNam_32.jpg,3
original_TuNam_33.jpg,3
original_TuNam_34.jpg,3
original_TuNam_35.jpg,3
original_TuNam_36.jpg,3
original_TuNam_37.jpg,3
original_TuNam_38.jpg,3
original_TuNam_39.jpg,3
original_TuNam_4.jpg,3
original_TuNam_40.jpg,3
original_TuNam_5.jpg,3
original_TuNam_6.jpg,3
original_TuNam_7.jpg,3
original_TuNam_8.jpg,3
original_TuNam_9.jpg,3
rotate_Dat_1.jpg,0
rotate_Dat_10.jpg,0
rotate_Dat_11.jpg,0
rotate_Dat_12.jpg,0
rotate_Dat_13.jpg,0
rotate_Dat_14.jpg,0
rotate_Dat_15.jpg,0
rotate_Dat_16.jpg,0
rotate_Dat_17.jpg,0
rotate_Dat_18.jpg,0
rotate_Dat_19.jpg,0
rotate_Dat_2.jpg,0
rotate_Dat_20.jpg,0
rotate_Dat_21.jpg,0
rotate_Dat_22.jpg,0
rotate_Dat_23.jpg,0
rotate_Dat_24.jpg,0
rotate_Dat_25.jpg,0
rotate_Dat_26.jpg,0
rotate_Dat_27.jpg,0
rotate_Dat_28.jpg,0
rotate_Dat_29.jpg,0
rotate_Dat_3.jpg,0
rotate_Dat_30.jpg,0
rotate_Dat_31.jpg,0
rotate_Dat_32.jpg,0
rotate_Dat_33.jpg,0
rotate_Dat_34.jpg,0
rotate_Dat_35.jpg,0
rotate_Dat_36.jpg,0
rotate_Dat_37.jpg,0
rotate_Dat_38.jpg,0
rotate_Dat_39.jpg,0
rotate_Dat_4.jpg,0
rotate_Dat_40.jpg,0
rotate_Dat_5.jpg,0
rotate_Dat_6.jpg,0
rotate_Dat_7.jpg,0
rotate_Dat_8.jpg,0
rotate_Dat_9.jpg,0
rotate_Nam_1.jpg,1
rotate_Nam_10.jpg,1
rotate_Nam_11.jpg,1
rotate_Nam_12.jpg,1
rotate_Nam_13.jpg,1
rotate_Nam_14.jpg,1
rotate_Nam_15.jpg,1
rotate_Nam_16.jpg,1
rotate_Nam_17.jpg,1
rotate_Nam_18.jpg,1
rotate_Nam_19.jpg,1
rotate_Nam_2.jpg,1
rotate_Nam_20.jpg,1
rotate_Nam_21.jpg,1
rotate_Nam_22.jpg,1
rotate_Nam_23.jpg,1
rotate_Nam_24.jpg,1
rotate_Nam_25.jpg,1
rotate_Nam_26.jpg,1
rotate_Nam_27.jpg,1
rotate_Nam_28.jpg,1
rotate_Nam_29.jpg,1
rotate_Nam_3.jpg,1
rotate_Nam_30.jpg,1
rotate_Nam_31.jpg,1
rotate_Nam_32.jpg,1
rotate_Nam_33.jpg,1
rotate_Nam_34.jpg,1
rotate_Nam_35.jpg,1
rotate_Nam_36.jpg,1
rotate_Nam_37.jpg,1
rotate_Nam_38.jpg,1
rotate_Nam_39.jpg,1
rotate_Nam_4.jpg,1
rotate_Nam_40.jpg,1
rotate_Nam_5.jpg,1
rotate_Nam_6.jpg,1
rotate_Nam_7.jpg,1
rotate_Nam_8.jpg,1
rotate_Nam_9.jpg,1
rotate_NgocAnh_1.jpg,2
rotate_NgocAnh_10.jpg,2
rotate_NgocAnh_11.jpg,2
rotate_NgocAnh_12.jpg,2
rotate_NgocAnh_13.jpg,2
rotate_NgocAnh_14.jpg,2
rotate_NgocAnh_15.jpg,2
rotate_NgocAnh_16.jpg,2
rotate_NgocAnh_17.jpg,2
rotate_NgocAnh_18.jpg,2
rotate_NgocAnh_19.jpg,2
rotate_NgocAnh_2.jpg,2
rotate_NgocAnh_20.jpg,2
rotate_NgocAnh_21.jpg,2
rotate_NgocAnh_22.jpg,2
rotate_NgocAnh_23.jpg,2
rotate_NgocAnh_24.jpg,2
rotate_NgocAnh_25.jpg,2
rotate_NgocAnh_26.jpg,2
rotate_NgocAnh_27.jpg,2
rotate_NgocAnh_28.jpg,2
rotate_NgocAnh_29.jpg,2
rotate_NgocAnh_3.jpg,2
rotate_NgocAnh_30.jpg,2
rotate_NgocAnh_31.jpg,2
rotate_NgocAnh_32.jpg,2
rotate_NgocAnh_33.jpg,2
rotate_NgocAnh_34.jpg,2
rotate_NgocAnh_35.jpg,2
rotate_NgocAnh_36.jpg,2
rotate_NgocAnh_37.jpg,2
rotate_NgocAnh_38.jpg,2
rotate_NgocAnh_39.jpg,2
rotate_NgocAnh_4.jpg,2
rotate_NgocAnh_40.jpg,2
rotate_NgocAnh_5.jpg,2
rotate_NgocAnh_6.jpg,2
rotate_NgocAnh_7.jpg,2
rotate_NgocAnh_8.jpg,2
rotate_NgocAnh_9.jpg,2
rotate_TuNam_1.jpg,3
rotate_TuNam_10.jpg,3
rotate_TuNam_11.jpg,3
rotate_TuNam_12.jpg,3
rotate_TuNam_13.jpg,3
rotate_TuNam_14.jpg,3
rotate_TuNam_15.jpg,3
rotate_TuNam_16.jpg,3
rotate_TuNam_17.jpg,3
rotate_TuNam_18.jpg,3
rotate_TuNam_19.jpg,3
rotate_TuNam_2.jpg,3
rotate_TuNam_20.jpg,3
rotate_TuNam_21.jpg,3
rotate_TuNam_22.jpg,3
rotate_TuNam_23.jpg,3
rotate_TuNam_24.jpg,3
rotate_TuNam_25.jpg,3
rotate_TuNam_26.jpg,3
rotate_TuNam_27.jpg,3
rotate_TuNam_28.jpg,3
rotate_TuNam_29.jpg,3
rotate_TuNam_3.jpg,3
rotate_TuNam_30.jpg,3
rotate_TuNam_31.jpg,3
rotate_TuNam_32.jpg,3
rotate_TuNam_33.jpg,3
rotate_TuNam_34.jpg,3
rotate_TuNam_35.jpg,3
rotate_TuNam_36.jpg,3
rotate_TuNam_37.jpg,3
rotate_TuNam_38.jpg,3
rotate_TuNam_39.jpg,3
rotate_TuNam_4.jpg,3
rotate_TuNam_40.jpg,3
rotate_TuNam_5.jpg,3
rotate_TuNam_6.jpg,3
rotate_TuNam_7.jpg,3
rotate_TuNam_8.jpg,3
rotate_TuNam_9.jpg,3
saturation_Dat_1.jpg,0
saturation_Dat_10.jpg,0
saturation_Dat_11.jpg,0
saturation_Dat_12.jpg,0
saturation_Dat_13.jpg,0
saturation_Dat_14.jpg,0
saturation_Dat_15.jpg,0
saturation_Dat_16.jpg,0
saturation_Dat_17.jpg,0
saturation_Dat_18.jpg,0
saturation_Dat_19.jpg,0
saturation_Dat_2.jpg,0
saturation_Dat_20.jpg,0
saturation_Dat_21.jpg,0
saturation_Dat_22.jpg,0
saturation_Dat_23.jpg,0
saturation_Dat_24.jpg,0
saturation_Dat_25.jpg,0
saturation_Dat_26.jpg,0
saturation_Dat_27.jpg,0
saturation_Dat_28.jpg,0
saturation_Dat_29.jpg,0
saturation_Dat_3.jpg,0
saturation_Dat_30.jpg,0
saturation_Dat_31.jpg,0
saturation_Dat_32.jpg,0
saturation_Dat_33.jpg,0
saturation_Dat_34.jpg,0
saturation_Dat_35.jpg,0
saturation_Dat_36.jpg,0
saturation_Dat_37.jpg,0
saturation_Dat_38.jpg,0
saturation_Dat_39.jpg,0
saturation_Dat_4.jpg,0
saturation_Dat_40.jpg,0
saturation_Dat_5.jpg,0
saturation_Dat_6.jpg,0
saturation_Dat_7.jpg,0
saturation_Dat_8.jpg,0
saturation_Dat_9.jpg,0
saturation_Nam_1.jpg,1
saturation_Nam_10.jpg,1
saturation_Nam_11.jpg,1
saturation_Nam_12.jpg,1
saturation_Nam_13.jpg,1
saturation_Nam_14.jpg,1
saturation_Nam_15.jpg,1
saturation_Nam_16.jpg,1
saturation_Nam_17.jpg,1
saturation_Nam_18.jpg,1
saturation_Nam_19.jpg,1
saturation_Nam_2.jpg,1
saturation_Nam_20.jpg,1
saturation_Nam_21.jpg,1
saturation_Nam_22.jpg,1
saturation_Nam_23.jpg,1
saturation_Nam_24.jpg,1
saturation_Nam_25.jpg,1
saturation_Nam_26.jpg,1
saturation_Nam_27.jpg,1
saturation_Nam_28.jpg,1
saturation_Nam_29.jpg,1
saturation_Nam_3.jpg,1
saturation_Nam_30.jpg,1
saturation_Nam_31.jpg,1
saturation_Nam_32.jpg,1
saturation_Nam_33.jpg,1
saturation_Nam_34.jpg,1
saturation_Nam_35.jpg,1
saturation_Nam_36.jpg,1
saturation_Nam_37.jpg,1
saturation_Nam_38.jpg,1
saturation_Nam_39.jpg,1
saturation_Nam_4.jpg,1
saturation_Nam_40.jpg,1
saturation_Nam_5.jpg,1
saturation_Nam_6.jpg,1
saturation_Nam_7.jpg,1
saturation_Nam_8.jpg,1
saturation_Nam_9.jpg,1
saturation_NgocAnh_1.jpg,2
saturation_NgocAnh_10.jpg,2
saturation_NgocAnh_11.jpg,2
saturation_NgocAnh_12.jpg,2
saturation_NgocAnh_13.jpg,2
saturation_NgocAnh_14.jpg,2
saturation_NgocAnh_15.jpg,2
saturation_NgocAnh_16.jpg,2
saturation_NgocAnh_17.jpg,2
saturation_NgocAnh_18.jpg,2
saturation_NgocAnh_19.jpg,2
saturation_NgocAnh_2.jpg,2
saturation_NgocAnh_20.jpg,2
saturation_NgocAnh_21.jpg,2
saturation_NgocAnh_22.jpg,2
saturation_NgocAnh_23.jpg,2
saturation_NgocAnh_24.jpg,2
saturation_NgocAnh_25.jpg,2
saturation_NgocAnh_26.jpg,2
saturation_NgocAnh_27.jpg,2
saturation_NgocAnh_28.jpg,2
saturation_NgocAnh_29.jpg,2
saturation_NgocAnh_3.jpg,2
saturation_NgocAnh_30.jpg,2
saturation_NgocAnh_31.jpg,2
saturation_NgocAnh_32.jpg,2
saturation_NgocAnh_33.jpg,2
saturation_NgocAnh_34.jpg,2
saturation_NgocAnh_35.jpg,2
saturation_NgocAnh_36.jpg,2
saturation_NgocAnh_37.jpg,2
saturation_NgocAnh_38.jpg,2
saturation_NgocAnh_39.jpg,2
saturation_NgocAnh_4.jpg,2
saturation_NgocAnh_40.jpg,2
saturation_NgocAnh_5.jpg,2
saturation_NgocAnh_6.jpg,2
saturation_NgocAnh_7.jpg,2
saturation_NgocAnh_8.jpg,2
saturation_NgocAnh_9.jpg,2
saturation_TuNam_1.jpg,3
saturation_TuNam_10.jpg,3
saturation_TuNam_11.jpg,3
saturation_TuNam_12.jpg,3
saturation_TuNam_13.jpg,3
saturation_TuNam_14.jpg,3
saturation_TuNam_15.jpg,3
saturation_TuNam_16.jpg,3
saturation_TuNam_17.jpg,3
saturation_TuNam_18.jpg,3
saturation_TuNam_19.jpg,3
saturation_TuNam_2.jpg,3
saturation_TuNam_20.jpg,3
saturation_TuNam_21.jpg,3
saturation_TuNam_22.jpg,3
saturation_TuNam_23.jpg,3
saturation_TuNam_24.jpg,3
saturation_TuNam_25.jpg,3
saturation_TuNam_26.jpg,3
saturation_TuNam_27.jpg,3
saturation_TuNam_28.jpg,3
saturation_TuNam_29.jpg,3
saturation_TuNam_3.jpg,3
saturation_TuNam_30.jpg,3
saturation_TuNam_31.jpg,3
saturation_TuNam_32.jpg,3
saturation_TuNam_33.jpg,3
saturation_TuNam_34.jpg,3
saturation_TuNam_35.jpg,3
saturation_TuNam_36.jpg,3
saturation_TuNam_37.jpg,3
saturation_TuNam_38.jpg,3
saturation_TuNam_39.jpg,3
saturation_TuNam_4.jpg,3
saturation_TuNam_40.jpg,3
saturation_TuNam_5.jpg,3
saturation_TuNam_6.jpg,3
saturation_TuNam_7.jpg,3
saturation_TuNam_8.jpg,3
saturation_TuNam_9.jpg,3
scale_Dat_1.jpg,0
scale_Dat_10.jpg,0
scale_Dat_11.jpg,0
scale_Dat_12.jpg,0
scale_Dat_13.jpg,0
scale_Dat_14.jpg,0
scale_Dat_15.jpg,0
scale_Dat_16.jpg,0
scale_Dat_17.jpg,0
scale_Dat_18.jpg,0
scale_Dat_19.jpg,0
scale_Dat_2.jpg,0
scale_Dat_20.jpg,0
scale_Dat_21.jpg,0
scale_Dat_22.jpg,0
scale_Dat_23.jpg,0
scale_Dat_24.jpg,0
scale_Dat_25.jpg,0
scale_Dat_26.jpg,0
scale_Dat_27.jpg,0
scale_Dat_28.jpg,0
scale_Dat_29.jpg,0
scale_Dat_3.jpg,0
scale_Dat_30.jpg,0
scale_Dat_31.jpg,0
scale_Dat_32.jpg,0
scale_Dat_33.jpg,0
scale_Dat_34.jpg,0
scale_Dat_35.jpg,0
scale_Dat_36.jpg,0
scale_Dat_37.jpg,0
scale_Dat_38.jpg,0
scale_Dat_39.jpg,0
scale_Dat_4.jpg,0
scale_Dat_40.jpg,0
scale_Dat_5.jpg,0
scale_Dat_6.jpg,0
scale_Dat_7.jpg,0
scale_Dat_8.jpg,0
scale_Dat_9.jpg,0
scale_Nam_1.jpg,1
scale_Nam_10.jpg,1
scale_Nam_11.jpg,1
scale_Nam_12.jpg,1
scale_Nam_13.jpg,1
scale_Nam_14.jpg,1
scale_Nam_15.jpg,1
scale_Nam_16.jpg,1
scale_Nam_17.jpg,1
scale_Nam_18.jpg,1
scale_Nam_19.jpg,1
scale_Nam_2.jpg,1
scale_Nam_20.jpg,1
scale_Nam_21.jpg,1
scale_Nam_22.jpg,1
scale_Nam_23.jpg,1
scale_Nam_24.jpg,1
scale_Nam_25.jpg,1
scale_Nam_26.jpg,1
scale_Nam_27.jpg,1
scale_Nam_28.jpg,1
scale_Nam_29.jpg,1
scale_Nam_3.jpg,1
scale_Nam_30.jpg,1
scale_Nam_31.jpg,1
scale_Nam_32.jpg,1
scale_Nam_33.jpg,1
scale_Nam_34.jpg,1
scale_Nam_35.jpg,1
scale_Nam_36.jpg,1
scale_Nam_37.jpg,1
scale_Nam_38.jpg,1
scale_Nam_39.jpg,1
scale_Nam_4.jpg,1
scale_Nam_40.jpg,1
scale_Nam_5.jpg,1
scale_Nam_6.jpg,1
scale_Nam_7.jpg,1
scale_Nam_8.jpg,1
scale_Nam_9.jpg,1
scale_NgocAnh_1.jpg,2
scale_NgocAnh_10.jpg,2
scale_NgocAnh_11.jpg,2
scale_NgocAnh_12.jpg,2
scale_NgocAnh_13.jpg,2
scale_NgocAnh_14.jpg,2
scale_NgocAnh_15.jpg,2
scale_NgocAnh_16.jpg,2
scale_NgocAnh_17.jpg,2
scale_NgocAnh_18.jpg,2
scale_NgocAnh_19.jpg,2
scale_NgocAnh_2.jpg,2
scale_NgocAnh_20.jpg,2
scale_NgocAnh_21.jpg,2
scale_NgocAnh_22.jpg,2
scale_NgocAnh_23.jpg,2
scale_NgocAnh_24.jpg,2
scale_NgocAnh_25.jpg,2
scale_NgocAnh_26.jpg,2
scale_NgocAnh_27.jpg,2
scale_NgocAnh_28.jpg,2
scale_NgocAnh_29.jpg,2
scale_NgocAnh_3.jpg,2
scale_NgocAnh_30.jpg,2
scale_NgocAnh_31.jpg,2
scale_NgocAnh_32.jpg,2
scale_NgocAnh_33.jpg,2
scale_NgocAnh_34.jpg,2
scale_NgocAnh_35.jpg,2
scale_NgocAnh_36.jpg,2
scale_NgocAnh_37.jpg,2
scale_NgocAnh_38.jpg,2
scale_NgocAnh_39.jpg,2
scale_NgocAnh_4.jpg,2
scale_NgocAnh_40.jpg,2
scale_NgocAnh_5.jpg,2
scale_NgocAnh_6.jpg,2
scale_NgocAnh_7.jpg,2
scale_NgocAnh_8.jpg,2
scale_NgocAnh_9.jpg,2
scale_TuNam_1.jpg,3
scale_TuNam_10.jpg,3
scale_TuNam_11.jpg,3
scale_TuNam_12.jpg,3
scale_TuNam_13.jpg,3
scale_TuNam_14.jpg,3
scale_TuNam_15.jpg,3
scale_TuNam_16.jpg,3
scale_TuNam_17.jpg,3
scale_TuNam_18.jpg,3
scale_TuNam_19.jpg,3
scale_TuNam_2.jpg,3
scale_TuNam_20.jpg,3
scale_TuNam_21.jpg,3
scale_TuNam_22.jpg,3
scale_TuNam_23.jpg,3
scale_TuNam_24.jpg,3
scale_TuNam_25.jpg,3
scale_TuNam_26.jpg,3
scale_TuNam_27.jpg,3
scale_TuNam_28.jpg,3
scale_TuNam_29.jpg,3
scale_TuNam_3.jpg,3
scale_TuNam_30.jpg,3
scale_TuNam_31.jpg,3
scale_TuNam_32.jpg,3
scale_TuNam_33.jpg,3
scale_TuNam_34.jpg,3
scale_TuNam_35.jpg,3
scale_TuNam_36.jpg,3
scale_TuNam_37.jpg,3
scale_TuNam_38.jpg,3
scale_TuNam_39.jpg,3
scale_TuNam_4.jpg,3
scale_TuNam_40.jpg,3
scale_TuNam_5.jpg,3
scale_TuNam_6.jpg,3
scale_TuNam_7.jpg,3
scale_TuNam_8.jpg,3
scale_TuNam_9.jpg,3
translate_Dat_1.jpg,0
translate_Dat_10.jpg,0
translate_Dat_11.jpg,0
translate_Dat_12.jpg,0
translate_Dat_13.jpg,0
translate_Dat_14.jpg,0
translate_Dat_15.jpg,0
translate_Dat_16.jpg,0
translate_Dat_17.jpg,0
translate_Dat_18.jpg,0
translate_Dat_19.jpg,0
translate_Dat_2.jpg,0
translate_Dat_20.jpg,0
translate_Dat_21.jpg,0
translate_Dat_22.jpg,0
translate_Dat_23.jpg,0
translate_Dat_24.jpg,0
translate_Dat_25.jpg,0
translate_Dat_26.jpg,0
translate_Dat_27.jpg,0
translate_Dat_28.jpg,0
translate_Dat_29.jpg,0
translate_Dat_3.jpg,0
translate_Dat_30.jpg,0
translate_Dat_31.jpg,0
translate_Dat_32.jpg,0
translate_Dat_33.jpg,0
translate_Dat_34.jpg,0
translate_Dat_35.jpg,0
translate_Dat_36.jpg,0
translate_Dat_37.jpg,0
translate_Dat_38.jpg,0
translate_Dat_39.jpg,0
translate_Dat_4.jpg,0
translate_Dat_40.jpg,0
translate_Dat_5.jpg,0
translate_Dat_6.jpg,0
translate_Dat_7.jpg,0
translate_Dat_8.jpg,0
translate_Dat_9.jpg,0
translate_Nam_1.jpg,1
translate_Nam_10.jpg,1
translate_Nam_11.jpg,1
translate_Nam_12.jpg,1
translate_Nam_13.jpg,1
translate_Nam_14.jpg,1
translate_Nam_15.jpg,1
translate_Nam_16.jpg,1
translate_Nam_17.jpg,1
translate_Nam_18.jpg,1
translate_Nam_19.jpg,1
translate_Nam_2.jpg,1
translate_Nam_20.jpg,1
translate_Nam_21.jpg,1
translate_Nam_22.jpg,1
translate_Nam_23.jpg,1
translate_Nam_24.jpg,1
translate_Nam_25.jpg,1
translate_Nam_26.jpg,1
translate_Nam_27.jpg,1
translate_Nam_28.jpg,1
translate_Nam_29.jpg,1
translate_Nam_3.jpg,1
translate_Nam_30.jpg,1
translate_Nam_31.jpg,1
translate_Nam_32.jpg,1
translate_Nam_33.jpg,1
translate_Nam_34.jpg,1
translate_Nam_35.jpg,1
translate_Nam_36.jpg,1
translate_Nam_37.jpg,1
translate_Nam_38.jpg,1
translate_Nam_39.jpg,1
translate_Nam_4.jpg,1
translate_Nam_40.jpg,1
translate_Nam_5.jpg,1
translate_Nam_6.jpg,1
translate_Nam_7.jpg,1
translate_Nam_8.jpg,1
translate_Nam_9.jpg,1
translate_NgocAnh_1.jpg,2
translate_NgocAnh_10.jpg,2
translate_NgocAnh_11.jpg,2
translate_NgocAnh_12.jpg,2
translate_NgocAnh_13.jpg,2
translate_NgocAnh_14.jpg,2
translate_NgocAnh_15.jpg,2
translate_NgocAnh_16.jpg,2
translate_NgocAnh_17.jpg,2
translate_NgocAnh_18.jpg,2
translate_NgocAnh_19.jpg,2
translate_NgocAnh_2.jpg,2
translate_NgocAnh_20.jpg,2
translate_NgocAnh_21.jpg,2
translate_NgocAnh_22.jpg,2
translate_NgocAnh_23.jpg,2
translate_NgocAnh_24.jpg,2
translate_NgocAnh_25.jpg,2
translate_NgocAnh_26.jpg,2
translate_NgocAnh_27.jpg,2
translate_NgocAnh_28.jpg,2
translate_NgocAnh_29.jpg,2
translate_NgocAnh_3.jpg,2
translate_NgocAnh_30.jpg,2
translate_NgocAnh_31.jpg,2
translate_NgocAnh_32.jpg,2
translate_NgocAnh_33.jpg,2
translate_NgocAnh_34.jpg,2
translate_NgocAnh_35.jpg,2
translate_NgocAnh_36.jpg,2
translate_NgocAnh_37.jpg,2
translate_NgocAnh_38.jpg,2
translate_NgocAnh_39.jpg,2
translate_NgocAnh_4.jpg,2
translate_NgocAnh_40.jpg,2
translate_NgocAnh_5.jpg,2
translate_NgocAnh_6.jpg,2
translate_NgocAnh_7.jpg,2
translate_NgocAnh_8.jpg,2
translate_NgocAnh_9.jpg,2
translate_TuNam_1.jpg,3
translate_TuNam_10.jpg,3
translate_TuNam_11.jpg,3
translate_TuNam_12.jpg,3
translate_TuNam_13.jpg,3
translate_TuNam_14.jpg,3
translate_TuNam_15.jpg,3
translate_TuNam_16.jpg,3
translate_TuNam_17.jpg,3
translate_TuNam_18.jpg,3
translate_TuNam_19.jpg,3
translate_TuNam_2.jpg,3
translate_TuNam_20.jpg,3
translate_TuNam_21.jpg,3
translate_TuNam_22.jpg,3
translate_TuNam_23.jpg,3
translate_TuNam_24.jpg,3
translate_TuNam_25.jpg,3
translate_TuNam_26.jpg,3
translate_TuNam_27.jpg,3
translate_TuNam_28.jpg,3
translate_TuNam_29.jpg,3
translate_TuNam_3.jpg,3
translate_TuNam_30.jpg,3
translate_TuNam_31.jpg,3
translate_TuNam_32.jpg,3
translate_TuNam_33.jpg,3
translate_TuNam_34.jpg,3
translate_TuNam_35.jpg,3
translate_TuNam_36.jpg,3
translate_TuNam_37.jpg,3
translate_TuNam_38.jpg,3
translate_TuNam_39.jpg,3
translate_TuNam_4.jpg,3
translate_TuNam_40.jpg,3
translate_TuNam_5.jpg,3
translate_TuNam_6.jpg,3
translate_TuNam_7.jpg,3
translate_TuNam_8.jpg,3
translate_TuNam_9.jpg,3
